{"cameraMode":{"drawMode":0,"name":"Shaded","section":"Shading Mode"},"sceneLighting":true,"audioPlay":false,"sceneViewState":{"showFog":true,"showMaterialUpdate":false,"showSkybox":false,"showFlares":true,"showImageEffects":true,"showParticleSystems":true,"showVisualEffectGraphs":true,"m_FxEnabled":true},"in2DMode":false,"pivot":{"x":15.84000015258789,"y":-2.3172690868377687,"z":-1.1999998092651368},"rotation":{"x":0.004099027253687382,"y":0.9872039556503296,"z":-0.1561870276927948,"w":0.028817251324653627},"size":23.903268814086915,"orthographic":true}