{"cameraMode":{"drawMode":0,"name":"Shaded","section":"Shading Mode"},"sceneLighting":true,"audioPlay":false,"sceneViewState":{"showFog":true,"showMaterialUpdate":false,"showSkybox":true,"showFlares":true,"showImageEffects":true,"showParticleSystems":true,"showVisualEffectGraphs":true,"m_FxEnabled":true},"in2DMode":false,"pivot":{"x":17.29745864868164,"y":-7.583366394042969,"z":37.901832580566409},"rotation":{"x":0.16037602722644807,"y":-0.06400933116674423,"z":0.00984782911837101,"w":0.9848003387451172},"size":20.639223098754884,"orthographic":true}